5,10,4,10,20,20,5,5,Pass,VNFFWVM1
3,12,5,10,21,30,7,5,Pass,VNFFWVM2
4,14,6,10,22,31,9,5,Pass,VNFLBVM1
2,16,7,10,24,24,11,5,Pass,VNFLBVM2
5,18,8,10,20,20,5,5,Pass,VNFRTVM1
4,20,9,10,21,30,7,5,Pass,VNFRTVM2
3,22,10,10,22,31,9,5,Pass,VNFFWVM1
2,24,11,10,24,24,11,5,Pass,VNFFWVM2
1,26,12,10,20,20,5,5,Pass,VNFLBVM1
3,28,13,10,21,30,7,5,Pass,VNFLBVM2
4,40,45,10,22,31,9,5,CPU Memory,VNFRTVM1
2,42,47,10,24,24,11,5,CPU Memory,VNFRTVM2
5,44,48,10,17,17,12,5,CPU Memory,VNFFWVM1
7,28,17,10,18,18,15,5,Pass,VNFFWVM2
4,22,18,10,19,19,10,5,Pass,VNFLBVM1
16,22,19,10,15,15,10,5,Pass,VNFLBVM2
17,12,20,10,17,17,7,5,Pass,VNFRTVM1
18,12,21,10,19,19,2,5,Pass,VNFRTVM2
19,16,22,10,23,23,19,5,Pass,VNFFWVM1
20,48,23,10,12,12,11,5,High Memory,VNFFWVM2
21,50,24,10,15,15,13,5,High Memory,VNFLBVM1
22,52,25,10,19,19,7,5,High Memory,VNFLBVM2
23,54,26,10,21,21,4,5,High Memory,VNFRTVM1
24,56,27,10,15,15,8,5,High Memory,VNFRTVM2
25,58,28,10,17,17,15,5,High Memory,VNFFWVM1
26,60,29,10,19,19,10,5,High Memory,VNFFWVM2
27,62,30,10,21,21,7,5,High Memory,VNFLBVM1
28,64,31,10,15,15,2,5,High Memory,VNFLBVM2
29,66,32,10,17,17,19,5,High Memory,VNFRTVM1
30,68,33,10,19,19,11,5,High Memory,VNFRTVM2
31,50,21,10,21,21,13,5,CPU Memory,VNFFWVM1
32,52,23,10,23,23,7,5,CPU Memory,VNFFWVM2
33,54,12,10,12,12,4,5,CPU Memory,VNFLBVM1
34,56,15,10,15,15,8,5,CPU Memory,VNFLBVM2
35,58,21,10,21,21,15,5,CPU Memory,VNFRTVM1
36,52,23,10,15,15,10,5,CPU Memory,VNFRTVM2
37,52,24,10,17,17,7,5,CPU Memory,VNFFWVM1
38,50,23,10,19,19,2,5,CPU Memory,VNFFWVM2
39,23,24,10,23,23,19,5,Pass,VNFLBVM1
40,25,12,10,12,12,11,5,Pass,VNFLBVM2
41,22,15,10,15,15,13,5,Pass,VNFRTVM1
42,60,19,10,19,19,7,5,CPU Memory,VNFRTVM2
43,80,17,10,21,21,4,5,CPU Memory,VNFFWVM1
44,54,15,10,15,15,8,5,CPU Memory,VNFFWVM2
45,58,17,10,17,17,15,5,CPU Memory,VNFLBVM1
46,48,19,10,19,19,13,5,CPU Memory,VNFLBVM2
47,50,21,10,21,21,7,5,CPU Memory,VNFRTVM1
48,52,23,10,23,23,4,5,CPU Memory,VNFRTVM2
49,65,12,10,12,12,8,5,CPU Memory,VNFFWVM1
50,45,15,10,15,15,5,5,CPU Memory,VNFFWVM2
10,25,19,10,22,22,5,5,Pass,VNFLBVM1
10,23,20,10,12,12,7,5,Pass,VNFLBVM2
10,50,21,10,90,90,9,5,Memory Leak,VNFRTVM1
10,45,22,10,95,95,11,5,Memory Leak,VNFRTVM2
10,48,23,10,100,100,5,5,Memory Leak,VNFFWVM1
10,45,24,10,80,80,7,5,Memory Leak,VNFFWVM2
10,45,25,10,90,90,9,5,Memory Leak,VNFLBVM1
10,45,26,10,85,85,11,5,Memory Leak,VNFLBVM2
10,45,27,10,87,87,6,5,Memory Leak,VNFRTVM1
10,45,28,10,110,110,13,5,Memory Leak,VNFRTVM2
10,45,29,10,120,120,18,5,Memory Leak,VNFFWVM1
17,31,20,46,23,23,5,5,Disk Full,VNFFWVM2
17,22,20,48,11,11,11,5,Disk Full,VNFLBVM1
17,12,20,75,12,12,12,5,Disk Full,VNFLBVM2
17,18,20,10,23,23,30,5,Response,VNFRTVM1
17,20,20,10,25,25,34,5,Response,VNFRTVM2
17,13,20,10,27,27,35,5,Response,VNFFWVM1
17,15,20,10,25,25,4,5,Pass,VNFFWVM2
17,16,20,10,30,30,10,5,Pass,VNFLBVM1
17,18,20,10,23,23,11,5,Pass,VNFLBVM2
17,10,20,10,11,11,35,5,Response,VNFRTVM1
17,12,20,10,12,12,38,5,Response,VNFRTVM2
17,14,20,10,23,23,5,5,Pass,VNFFWVM1
17,15,20,10,11,11,7,5,Pass,VNFFWVM2
17,12,20,10,12,12,9,5,Pass,VNFLBVM1
17,25,20,10,23,23,11,5,Pass,VNFLBVM2
17,12,50,10,11,200,200,5,Connections,VNFRTVM1
17,16,20,10,12,12,12,5,Pass,VNFRTVM2
17,42,20,10,140,260,20,5,Connections,VNFFWVM1
17,42,20,10,150,280,24,5,Connections,VNFFWVM2
17,42,20,10,160,300,28,5,Connections,VNFLBVM1
17,20,20,10,20,20,24,5,Pass,VNFLBVM2
5,18,8,50,10,10,5,5,Disk Full,VNFRTVM1
5,18,8,52,12,12,10,5,Disk Full,VNFRTVM2
5,18,8,54,14,14,7,5,Disk Full,VNFFWVM1
5,18,8,56,16,16,4,5,Disk Full,VNFFWVM2
5,18,8,58,10,10,10,5,Disk Full,VNFLBVM1
5,18,8,60,20,20,16,5,Disk Full,VNFLBVM2
5,18,8,62,22,22,15,5,Disk Full,VNFRTVM1
5,18,8,64,13,13,21,5,Disk Full,VNFRTVM2
5,18,8,66,12,12,7,5,Disk Full,VNFFWVM1
5,18,8,68,22,22,4,5,Disk Full,VNFFWVM2
5,18,8,70,13,13,10,5,Disk Full,VNFLBVM1
5,18,8,72,12,12,16,5,Disk Full,VNFLBVM2
3,14,6,10,11,11,5,5,Pass,VNFRTVM1
4,16,7,10,12,12,5,5,Pass,VNFRTVM2
5,18,8,10,23,23,5,5,Pass,VNFFWVM1
6,20,9,10,11,11,5,5,Pass,VNFFWVM2
7,22,10,10,12,12,5,5,Pass,VNFLBVM1
8,24,11,10,22,22,5,5,Pass,VNFLBVM2
9,26,12,10,13,13,5,5,Pass,VNFRTVM1
10,28,13,10,12,12,5,5,Pass,VNFRTVM2
11,30,14,10,22,22,5,5,Pass,VNFFWVM1
12,18,15,10,13,13,5,5,Pass,VNFFWVM2
13,12,16,10,12,12,5,5,Pass,VNFLBVM1
14,30,17,10,11,11,5,5,Pass,VNFLBVM2
30,30,14,10,22,22,5,20,Service Failure,VNFRTVM1
30,30,15,10,13,13,5,20,Service Failure,VNFRTVM2
30,30,16,10,12,12,5,30,Service Failure,VNFRTVM1
30,30,17,10,11,11,5,15,Service Failure,VNFRTVM2
